continuity_mse,ns_x_mse,ns_y_mse,ns_z_mse,model
1062.9640130649427,386593.50957414217,1238774.8846835608,1883581.8771227242,NN
3.801955710439121,28.242249511203177,0.3997645640239662,0.8118997430768,PINN_v1
639.4607302454673,121582.47160309437,302724.2783531381,463407.0758272059,PINN_v2
